Name,FirstName,LastName,Affiliation,Location,Role,Country,OrcID
"Tamer Ozsu, University of Waterloo, Canada",M. Tamer,Özsu,University of Waterloo,Waterloo,Honorary Chair,Canada,https://orcid.org/0000-0002-8126-1717
"Adnan Yazici, METU, Turkey",Adnan,Yazici,Middle East Technical University,Ankara,General Co-Chairs,Turkey,https://orcid.org/0000-0001-9404-9494
"Ling Liu, Georgia Tech, USA",Ling,Liu,Georgia Institute of Technology,Atlanta,General Co-Chairs,United States,
"Z. Meral Ozsoyoglu, Case Western Reserve University, USA",Z. Meral,Ozsoyoglu,Case Western Reserve University,Cleveland,General PC Chair,United States,
"Ugur Cetintemel, Brown University, USA",Ugur,Cetintemel,Brown University,Providence,Research Track PC Co-Chairs,United States,
"Nilesh Dalvi, Yahoo Research",Nilesh,Dalvi,Yahoo Research,?,Research Track PC Co-Chairs,United States,
"Hank Korth, Lehigh University, USA",Hank,Korth,Lehigh University,Bethlehem,Research Track PC Co-Chairs,United States,
"Anthony Tung, National University of Singapore, Singapore.",Anthony K. H.,Tung,National University of Singapore,Singapore,Research Track PC Co-Chairs,Singapore,https://orcid.org/0000-0002-5125-855X
"Gustavo Alonso, ETH, Switzerland",Gustavo,Alonso,ETH Zurich,Zurich,Experiments and Analysis Track PC Co-Chairs,Switzerland,
"Juliana Freire, NYU Poly, USA",Juliana,Freire,New York University Tandon School of Engineering,New York City,Experiments and Analysis Track PC Co-Chairs,United States,https://orcid.org/0000-0003-3915-7075
"Alon Halevy, Google",Alon,Halevy,Google,Mountain View,Industrial and Applications Track PC Co-Chairs,United States,
"Vivek Narasayya, Microsoft Research",Vivek,Narasayya,Microsoft Research,Redmond,Industrial and Applications Track PC Co-Chairs,United States,
"Fatma Ozcan, IBM",Fatma,Özcan,IBM Research,Almaden,Industrial and Applications Track PC Co-Chairs,United States,
"Surajit Chaudhuri, Microsoft Research",Surajit,Chaudhuri,Microsoft Research,Redmond,VLDB Endowment Liaison,United States,
"Ahmet Sacan, Drexel University, USA",Ahmet,Sacan,Drexel University,Philadelphia,Proceedings Co-Chair,United States,
"Nesime Tatbul, ETH, Switzerland",Nesime,Tatbul,ETH Zurich,Zurich,Proceedings Co-Chair,Switzerland,
"K. Selcuk Candan, Arizona State, USA",K. Selçuk,Candan,Arizona State University,Tempe,Panel Program Co-Chairs,United States,https://orcid.org/0000-0003-4977-6646
"Panos K, Chrysanthis, University of Pittsburgh, USA",Panos K,Chrysanthis,University of Pittsburgh,Pittsburgh,Panel Program Co-Chairs,United States,https://orcid.org/0000-0001-7189-9816
"Daniel A Keim, University of Konstanz, Germany",Daniel A,Keim,University of Konstanz,Konstanz,Panel Program Co-Chairs,Germany,https://orcid.org/0000-0001-7966-9740
"Chung Chin Wan, KAIST, South Korea",Chung Chin,Wan,Korea Advanced Institute of Science and Technology,Daejeon,Tutorial Program Co-Chairs,South Korea,
"Bugra Gedik, IBM TJ Watson, USA",Bugra,Gedik,IBM Research,? Watson Research Center in News York und Massachusetts,Tutorial Program Co-Chairs,United States,https://orcid.org/0000-0002-0622-1141
"Ken Salem, University of Waterloo, Canada",Kenneth,Salem,University of Waterloo,Waterloo,Tutorial Program Co-Chairs,Canada,
"Hakan Ferhatosmanoglu, OSU, USA",Hakan,Ferhatosmanoglu,Ohio State University,Columbus,Workshop Program Co-Chairs,United States,
"James Joshi, University of Pittsburgh, USA",James,Joshi,University of Pittsburgh,Pittsburgh,Workshop Program Co-Chairs,United States,https://orcid.org/0000-0003-4519-9802
"Andreas Wombacher, Twente University, The Netherlands",Andreas,Wombacher,University of Twente,Enschede,Workshop Program Co-Chairs,Netherlands,
"Lukasz Golab, University of Waterloo, Canada",Lukasz,Golab,University of Waterloo,Waterloo,Demo Program Co-Chairs,Canada,https://orcid.org/0000-0003-0632-7496
"Evaggelia Pitoura, University of Ioannina, Greece",Evaggelia,Pitoura,University of Ioannina,Ioannina,Demo Program Co-Chairs,Greece,https://orcid.org/0000-0002-3775-4995
"Ozgur Ulusoy, Bilkent University, Turkey",Ozgur,Ulusoy,Bilkent University,Ankara,Demo Program Co-Chairs,Turkey,
"Ioana Manolescu, INRIA, France",Ioana,Manolescu,INRIA,Saclay,PhD Program Co-Chairs,France,https://orcid.org/0000-0002-0425-2462
"Jeffery Xu Yu, Chinese University of Hong Kong",Jeffery Xu,Yu,Chinese University of Hong Kong,Hong Kong,PhD Program Co-Chairs,China,
"Murat Kantarcioglu, University of Texas at Dallas, USA",Murat,Kantarcioglu,University of Texas,Dallas,PhD Program Co-Chairs,United States,https://orcid.org/0000-0001-9795-9063
"Jiawei Han, University of Illinois at Urbana-Champaign, USA",Jiawei,Han,University of Illinois,Urbana-Champaign,Geographical Area Coordinators (Americas),United States,
"Wang Shan, People's Univ of China, China",Wang,Shan,Renmin University of China,Beijing,Geographical Area Coordinators (Asia-Pacific),China,
"Gunter Saake, Otto-von-Guericke-University Magdeburg, Germany",Gunter,Saake,Otto von Guericke University Magdeburg,Magdeburg,Geographical Area Coordinators (Europe),Germany,https://orcid.org/0000-0001-9576-8474
"Ghassan Z. Qadah, American University of Sharjah, UAE",Ghassan Z.,Qadah,American University of Sharjah,Sharjeh,Geographical Area Coordinators (Mideast and Africa),United Arab Emirates,
"Esref Adali, ITÜ, Turkey",Esref,Adali,Istanbul Technical University,Istanbul,Sponsor Chairs,Turkey,
"Sam Madden, MIT, USA",Samuel,Madden,Massachusetts Institute of Technology,Cambridge,Sponsor Chairs,United States,
"Patrick Valduriez, INRIA, France",Patrick,Valduriez,INRIA,Sophia Antipolis,Sponsor Chairs,France,https://orcid.org/0000-0001-6506-7538
"Ramazan Savas Aygün, University of Alabama in Huntsville, USA",Ramazan Savas,Aygün,University of Alabama,Huntsville,Publicity Chair,United States,https://orcid.org/0000-0001-7244-7475
"Ismail Hakki Toroslu, METU, Turkey",Ismail Hakki,Toroslu,Middle East Technical University,Ankara,Treasurer,Turkey,https://orcid.org/0000-0002-4524-8232
"Pinar Senkul, METU, Turkey",Pinar,Senkul,Middle East Technical University,Ankara,Registration Chair,Turkey,https://orcid.org/0000-0003-1366-8395
"Sertan Girgin, Google, France",Sertan,Girgin,Google,Paris,Web Management,France,
"I. Hakki Toroslu, METU, Turkey (co-chair)",I. Hakki,Toroslu,Middle East Technical University,Ankara,Local Arrangements,Turkey,https://orcid.org/0000-0002-4524-8232
"Yucel Saygin, Sabanci University, Turkey (co-chair)",Yucel,Saygin,Sabanci University,Istanbul,Local Arrangements,Turkey,https://orcid.org/0000-0001-9243-7776
"Sule Oguducu, ITÜ, Turkey",Sule,Oguducu,Istanbul Technical University,Istanbul,Local Arrangements,Turkey,
"Ahmet Cosar, METU, Turkey",Ahmet,Cosar,Middle East Technical University,Ankara,Local Arrangements,Turkey,https://orcid.org/0000-0002-3090-2254
"Murat Koyuncu, Atilim University, Turkey",Murat,Koyuncu,Atilim University,Ankara,Local Arrangements,Turkey,https://orcid.org/0000-0003-1958-5945
"Mustafa Sert, Baskent University, Turkey",Mustafa,Sert,Baskent University,Ankara,Local Arrangements,Turkey,
"Ibrahim Gökçen, GE Global Operations",Ibrahim,Gökçen,General Electric,Istanbul,Local Arrangements,Turkey,
"Murat Ali Bayir, Google, USA",Murat Ali,Bayir,Google,New York City,PhD Workshop PC Members,United States,
"Daniele Braga, Politecnico di Milano, Italy",Daniele,Braga,Polytechnic University of Milan,Milano,PhD Workshop PC Members,Italy,https://orcid.org/0000-0002-1626-3628
"Selcuk Candan, Arizona State University, USA",Selcuk,Candan,Arizona State University,Tempe,PhD Workshop PC Members,United States,https://orcid.org/0000-0003-4977-6646
"Mustafa Canim, IBM Research, USA",Mustafa,Canim,IBM Research,? Watson Research Center in News York und Massachusetts,PhD Workshop PC Members,United States,
"Bogdan Cautis, Telecom ParisTech, France",Bogdan,Cautis,Télécom Paris,Palaiseau,PhD Workshop PC Members,France,https://orcid.org/0000-0003-3497-042X
"Lijun Chang, Chinese University of Hong Kong, China",Lijun,Chang,Chinese University of Hong Kong,Hong Kong,PhD Workshop PC Members,China,
"Peter Christen, Australian National University, Australia",Peter,Christen,Australian National University,Canberra,PhD Workshop PC Members,Australia,
"Jun Gao, Peking University, China",Jun,Gao,Peking University,Bejing,PhD Workshop PC Members,China,
"Bingsheng He, Nanyang Technological University, Singapore",Bingsheng,He,Nanyang Technological University,Singapore,PhD Workshop PC Members,Singapore,
"Melanie Herschel, Universite de Paris Sud, France",Melanie,Herschel,Paris-Sud University,?,PhD Workshop PC Members,Feance,
"Yoshiharu Ishikawa, Nagoya University, Japan",Yoshiharu,Ishikawa,Nagoya University,Nagoya,PhD Workshop PC Members,Japan,
"Zoi Kaoudi, INRIA Saclay, France",Zoi,Kaoudi,INRIA,Saclay,PhD Workshop PC Members,France,
"Latifur Khan, University of Texas at Dallas, USA",Latifur,Khan,University of Texas,Dallas,PhD Workshop PC Members,United States,https://orcid.org/0000-0002-9300-1576
"Yannis Katsis, University of California at San Diego, USA",Yannis,Katsis,University of California,San Diego,PhD Workshop PC Members,United States,
"Adam Lee, University of Pittsburgh, USA",Adam,Lee,University of Pittsburgh,Pittsburgh,PhD Workshop PC Members,United States,
"Eric Lo, Hong Kong Polytechnic University, China",Eric,Lo,Hong Kong Polytechnic University,Hong Kong,PhD Workshop PC Members,Hong Kong SAR,
"Sharad Mehrotra, University of California at Irvine, USA",Sharad,Mehrotra,University of California,Irvine,PhD Workshop PC Members,United States,
"Mohamed Mokbel, University of Minnesota, USA",Mohamed F.,Mokbel,University of Minnesota,Minneapolis,PhD Workshop PC Members,United States,https://orcid.org/0000-0002-6686-1757
"Benjamin Nguyen, Universite de Versailles Saint-Quentin, France",Benjamin,Nguyen,University of Versailles Saint-Quentin-en-Yvelines,Versailles,PhD Workshop PC Members,France,
"Shaoxu Song, Tsinghua University, China",Shaoxu,Song,Tsinghua University,Beijing,PhD Workshop PC Members,China,https://orcid.org/0000-0002-9503-2755
"Jaideep Vaidya, Rutgers University, USA",Jaideep,Vaidya,Rutgers University,New Brunswick,PhD Workshop PC Members,United States,https://orcid.org/0000-0002-7420-6947
"Li Xiong, Emory University, USA",Li,Xiong,Emory University,Atlanta,PhD Workshop PC Members,United States,
"Wenjie Zhang, University of New South Wales, Australia",Wenjie,Zhang,University of New South Wales,Sydney,PhD Workshop PC Members,Australia,
"Sibel Adali, Rensselaer Polytechnic Institute, USA",Sibel,Adali,Rensselaer Polytechnic Institute,Troy,Demo Program Committee Members,United States,
"Ismail Sengor Altingovde, L3S Research Center, Hannover, Germany",Ismail Sengor,Altingovde,L3S Research Center,Hannover,Demo Program Committee Members,Germany,https://orcid.org/0000-0002-9764-2071
"Arvind Arasu, Microsoft Research, USA",Arvind,Arasu,Microsoft Research,Redmond,Demo Program Committee Members,United States,
"Wolf-Tilo Balke, University of Hannover, Germany",Wolf-Tilo,Balke,University of Hannover,Hannover,Demo Program Committee Members,Germany,https://orcid.org/0000-0002-5443-1215
"Muhammet Bastan, IUPR, University of Kaiserslautern, Germany",Muhammet,Bastan,University of Kaiserslautern,Kaiserslautern,Demo Program Committee Members,Germany,https://orcid.org/0000-0001-9714-2643
"Sourav Bhowmick, Nanyang Technological University, Singapore",Sourav S.,Bhowmick,Nanyang Technological University,Singapore,Demo Program Committee Members,Singapore,
"Angela Bonifati, Icar-CNR, Italy",Angela,Bonifati,University of Lille 1 Sciences and Technology,Lille,Demo Program Committee Members,France,https://orcid.org/0000-0002-9582-869X
"Badrish Chandramouli, Microsoft Research, USA",Badrish,Chandramouli,Microsoft Research,Redmond,Demo Program Committee Members,United States,
"Khuzaima Daudjee, University of Waterloo, Canada",Khuzaima,Daudjee,University of Waterloo,Waterloo,Demo Program Committee Members,Canada,
"Erdogan Dogdu, TOBB University of Economics and Technology, Turkey",Erdogan,Dogdu,TOBB University of Economics and Technology,Ankara,Demo Program Committee Members,Turkey,https://orcid.org/0000-0001-5987-0164
"Tingjian Ge, University of Kentucky, USA",Tingjian,Ge,University of Kentucky,Lexington,Demo Program Committee Members,United States,
"Marios Hadjieleftheriou, AT&T,USA",Marios,Hadjieleftheriou,AT&T Labs,?,Demo Program Committee Members,United States,
"Stratos Idreos, CWI, Netherlands",Stratos,Idreos,Centrum Wiskunde & Informatica,Amsterdam,Demo Program Committee Members,Netherlands,
"Tamer Kahveci, University of Florida, USA",Tamer,Kahveci,University of Florida,Gainesville,Demo Program Committee Members,United States,https://orcid.org/0000-0002-4403-8612
"Anne-Marie Kermarrec, INRIA, France",Anne-Marie,Kermarrec,INRIA,Rennes,Demo Program Committee Members,France,
"Alexandros Labrinidis, University of Pittsburgh, USA",Alexandros,Labrinidis,University of Pittsburgh,Pittsburgh,Demo Program Committee Members,United States,
"Wang-Chien Lee, Penn State University, USA",Wang-Chien,Lee,Pennsylvania State University,?,Demo Program Committee Members,United States,https://orcid.org/0000-0002-8949-489X
"Feifei Li, Florida State University, USA",Feifei,Li,Florida State University,Tallahassee,Demo Program Committee Members,United States,
"Sebastian Michel, Saarland University, Germany",Sebastian,Michel,Saarland University,Saarbrücken,Demo Program Committee Members,Germany,
"Mohamed Mokbel, University of Minnesota, USA",Mohamed F.,Mokbel,University of Minnesota,Minneapolis,Demo Program Committee Members,United States,https://orcid.org/0000-0002-6686-1757
"Atsuyuki Morishima, University of Tsukuba, Japan",Atsuyuki,Morishima,University of Tsukuba,Tennodai,Demo Program Committee Members,Japan,https://orcid.org/0000-0003-4781-4100
"Selma Ayse Ozel, Cukurova University, Turkey",Selma Ayse,Ozel,Çukurova University,Adana,Demo Program Committee Members,Turkey,https://orcid.org/0000-0001-9201-6349
"Ippokratis Pandis, IBM Almaden,USA",Ippokratis,Pandis,IBM Reserach,Almaden,Demo Program Committee Members,United States,
"Glenn Paulley, Sybase, USA",Glenn,Paulley,Sybase,?,Demo Program Committee Members,United States,
"Florin Rusu, University of California Merced, USA",Florin,Rusu,University of California,Merced,Demo Program Committee Members,United States,
"Vladislav Shkapenyuk, AT&T, USA",Vladislav,Shkapenyuk,AT&T,?,Demo Program Committee Members,United States,
"Ali Saman Tosun, University of Texas at San Antonio, USA",Ali Saman,Tosun,University of Texas,San Antonio,Demo Program Committee Members,United States,
"Vassilis Vassalos, AUEB, Greece",Vassilis,Vassalos,Athens University of Economics and Business,Athen,Demo Program Committee Members,Greece,
"Ouri Wolfson, University of Illinois at Chicago, USA",Ouri,Wolfson,University of Illinois,Chicago,Demo Program Committee Members,United States,
"Cristiana Amza, U. Toronto, Canada",Cristiana,Amza,University of Toronto,Toronto,Experiments and Analysis PC Member,Canada,
"Phil Bernstein Microsoft Research, USA",Philip A.,Bernstein,Microsoft Research,Redmond,Experiments and Analysis PC Member,United States,
"Philippe Bonnet, IT U. of Copenhagen, Denmark",Philippe,Bonnet,IT University of Copenhagen,Copenhagen,Experiments and Analysis PC Member,Denmark,
"Michael Carey, UC Irvine, USA",Michael J.,Carey,University of California,Irvine,Experiments and Analysis PC Member,United States,
"Jens Dittrich, Uni. Saarland, Germany",Jens,Dittrich,Saarland University,Saarbrücken,Experiments and Analysis PC Member,Germany,
"Mary Fernandez, AT&T Research, USA",Mary,Fernandez,AT&T Labs,Florham Park,Experiments and Analysis PC Member,United States,
"Bettina Kemme, McGill Uni., Canada",Bettina,Kemme,McGill University,Montreal,Experiments and Analysis PC Member,Canada,
"Whang Kyu-Young, KAIST, Korea",Whang,Kyu-Young,Korea Advanced Institute of Science and Technology,Daejeon,Experiments and Analysis PC Member,South Korea,
"Samuel Madden, MIT, USA",Samuel,Madden,Massachusetts Institute of Technology,Cambridge,Experiments and Analysis PC Member,United States,
"Ioana Manolescu, INRIA, France",Ioana,Manolescu,INRIA,Saclay,Experiments and Analysis PC Member,France,https://orcid.org/0000-0002-0425-2462
"Dimitris Papadias, Hong Kong University of SaT, China",Dimitris,Papadias,Hong Kong University of Science and Technology,Hong Kong,Experiments and Analysis PC Member,Hong Kong SAR,https://orcid.org/0000-0001-5588-1026
"Hamid Pirahesh, IBM Almaden, USA",Hamid,Pirahesh,IBM Research,Almaden,Experiments and Analysis PC Member,United States,
"Maya Ramanath, IIT Delhi, India",Maya,Ramanath,Indian Institute of Technology,Delhi,Experiments and Analysis PC Member,India,https://orcid.org/0000-0002-5413-5686
"Uwe Roehm, University of Sydney, Australia",Uwe,Roehm,University of Sydney,Sydney,Experiments and Analysis PC Member,Australia,https://orcid.org/0000-0003-3598-7119
"Jens Teubner, ETH Zurich, Switzerland",Jens,Teubner,ETH Zurich,Zurich,Experiments and Analysis PC Member,Switzerland,https://orcid.org/0000-0002-0344-5203
"Peter Triantafillou, U. Patras, Greece",Peter,Triantafillou,University of Patras,Patras,Experiments and Analysis PC Member,Greece,https://orcid.org/0000-0002-5807-6011
"Cong Yu, Google, USA",Cong,Yu,Google,New York City,Experiments and Analysis PC Member,United States,
"Ismail Ari, Ozyegin University",Ismail,Ari,Özyegin University,Istanbul,Member Industrial Track Program Commitee,Turkey,
"David Dewitt, Microsoft",David,Dewitt,Microsoft Research,Redmond,Member Industrial Track Program Commitee,United States,
"Alon Halevy, Google",Alon,Halevy,Google,Mountain View,Member Industrial Track Program Commitee,United States,
"Marcus Fontoura, Google",Marcus,Fontoura,Google,Mountain View,Member Industrial Track Program Commitee,United States,
"Michael Franklin, UC Berkeley",Michael,Franklin,University of California,Berkeley,Member Industrial Track Program Commitee,United States,
"Stratos Idreos, CWI",Stratos,Idreos,Centrum Wiskunde & Informatica,Amsterdam,Member Industrial Track Program Commitee,Netherlands,
"C Mohan, IBM Almaden Research Center",C,Mohan,IBM Research,Almaden,Member Industrial Track Program Commitee,United States,
"Mukesh Mohania, IBM",Mukesh,Mohania,IBM Research,? India,Member Industrial Track Program Commitee,India,
"Vivek Narasayya, Microsoft Reseach",Vivek,Narasayya,Microsoft Research,Redmond,Member Industrial Track Program Commitee,United States,
"Fatma Ozcan, IBM Almaden Research Center",Fatma,Ozcan,IBM Research,Almaden,Member Industrial Track Program Commitee,United States,
"Donovan Schneider, Salesforce.com",Donovan,Schneider,Salesforce,?,Member Industrial Track Program Commitee,United States,
"Min Wang, HP Labs",Min,Wang,HP Labs,China,Member Industrial Track Program Commitee,China,
"Yuan Yu, Microsoft",Yuan,Yu,Microsoft Research,Redmond,Member Industrial Track Program Commitee,United States,
