Tokyo University -> University of Tokyo
391 University of Florida / Rice University
62
Salesforce.com -> Salesforce
SAP SE -> SAP
213 -> 92
277 390
78 Georgia Koutrika palo alto
264 feifei li?
305 alkis simitsis palo alto
513 harumi kuno palo alto
531 Mahashweta Das palo alto
578 Stavros Harizopoulos palo alto
603 Malu Castellanos palo alto
646 rares v palo alto
682 kuno harumi
833 Umeshwar Dayal  palo alto

hp labs palo alto 390
hp labs ? 277
HP labs China 322
534 Meichun hsu China
774 Min Wang China

hewlett packard enterprise 181 gelöscht
400 Università di Trento -> 298 University of Trento
242 University of Rovira i Virgili Tarragona oder Reus
435

415	University of Maryland	? College Park, Institute for Advanced Computer Studies
714 Louiqa	Raschid
419	University of Maryland	? College Park, Institute for Advanced Computer Studies
333 Amol	Deshpande
913 Lise	Getoor

138 University of Maryland
216 Leilani	Battle
333 Amol	Deshpande
392 Jimmy	Lin ?
714 Louiqa	Raschid

268
26 Martin	Theobald
142 Ralf	Schenkel
489 Gerhard	Weikum


349
678 Krishna	Gummadi

387	Intel Research Pittsburgh
156 Shimin	Chen Intel Research Labs Pittsburgh
421	Intel Research
902 Phil	Gibbons
293	Intel Labs
551 Stavros	Papadopoulos ?

1 Amazon
1 Xin Luna	Dong
280 Amazon AWS
517 Ippokratis	Pandis

417 Swiss Federal Institute of Technology -> 49
238 Jens	Dittrich
776 Gustavo	Alonso

472 Vanessa	Braganholo
503 Daniel de Oliveira

830 Jan Van den	Bussche
891

336	Rensselaer Polytechnic Institute	? Troy mit Campussen in Hartford und Groton
659 Sibel	Adali
918 Mohammed	Zaki
355	Korea University of Technology	? Cheonan and Chungcheongnam-do
701
276	SAP	? Walldorf
134 Norman	May sap research Karlsruhe
221 Alexander	Böhm Walldorf
281 Ismail	Oukid ?
463 Shel	Finkelstein SAP Labs Palo alto
509 Florian	Kerschbaum SAP Research Karlsruhe
519 Jeff	Pound waterloo
744 Dean	Jacobs Munich?
381	SAP	?? Palo Alto
783 Christof	Bornhoevd SAP Labs Palo Alto

276	SAP	Walldorf
430	SAP	Munich
431	SAP	Waterloo
381	SAP Labs	Palo Alto
249	SAP Research	Karlsruhe

1	Xin Luna	Dong
787	Xin	Dong
883	Luna	Dong

 -------------------FRAGEN
277 HP Labs
264 feifei li?
354 goetz graefe madison?

410 Google Mountain View?
878 Ed Chang

709 Esther Pacitti Universität Nates oder INRIA

insert as select
alter table at column
update (set collumn select)


762	Michael	Carey
920	Michael J.	Carey
1035	Mike	Carey

344	Sang Kyun	Cha
954	Sang	Cha

33	Xuemin	Lin
1039	Xuemin	Lin,

434	José	Macêdo
1046	José Antônio	Macêdo
1034	José Antônio F.	de Macedo

698	Amalie	Marian
958	Amelie	Marian

977	Hannes	Muhleisen
512	Hannes	Mühleisen

1031	Daniel De	Oliveira
1053	Daniel de	Oliveira
503	Daniel	de Oliveira

24	Jorge Arnulfo Quiane	Ruiz
1061	Jorge Quiane	Ruiz

945	Altigran da	Silva
1040	Altigran	Silva
43	Altigran	da Silva

483	Amazon	Seattle,Amazon Web Services
85	Beijing Institute of Technology	Bejing
434	Beijing Institute of Technology	Beijing
72 Free University of Bozen-Bolzano	Bozen
520 Free University of Bozen-Bolzano	Bolzano
487	Intel Labs	?,Pittsburgh
476	Microsoft Research	Redmond,Gray Systems Lab,? Asia

184	Technical University of Dortmund	Dortmund
464	Technical University of Dortmund University	Dortmund
123	University of Illinois	Urbana-Champaign
495	University of Illinois	Urbana–Champaign
223	University of São Paulo	Sao Paulo
507	University of São Paulo	São Paulo

1166	580 Moi
1168	580 Mountain View
1170	580 San francisco
1171	583

1212	Alexander	Boehm
221	Alexander	Böhm
123	Michael J.	Cafarella
1113	Mike	Cafarella
1176	Philippe	Cudre-Mauroux	https://orcid.org/0000-0003-2588-4212
546	Philippe	Cudré-Mauroux	https://orcid.org/0000-0003-2588-4212
575	Prasad	Deshpande
1201	Prasad M.	Deshpande
423	Gillian	Dobbie
1203	Gil	Dobbie
334	Johann-Christoph	Freytag
1165	Johann Christoph	Freytag
567	Minos	Garofalakis
1199	Minos	Garofolakis
1096	Joseph	Gonzales
522	Joseph	Gonzalez
804	Joseph M.	Hellerstein
1114	Joe	Hellerstein
1143	Arnd Christian	König
1179	Arnd	Konig
998	Yongzhu (Eric)	Li
1076	Yongzhu Eric	Li
634	Li	Qian
1194	Li Eric	Qian
296	Uwe	Roehm
555	Uwe	Röhm
149	S.	Sudarshan
1107	S	Sudarshan
650	Kyu Young	Whang
1190	Kyu-Young	Whang
1152	Demetris	Zeinalipour
323	Demetrios	Zeinalipour-Yazti